<?xml version="1.0" encoding="UTF-8"?>
<OpenSearchDescription xmlns="http://a9.com/-/spec/opensearch/1.1/"
                       xmlns:moz="http://www.mozilla.org/2006/browser/search/">
  <ShortName>FlatifyCSS</ShortName>
  <Description>Search FlatifyCSS</Description>
  <InputEncoding>UTF-8</InputEncoding>
  <Image width="16" height="16" type="image/x-icon">https://flatifycss.com/img/favicon.ico</Image>
  <Url type="text/html" method="get" template="https://flatifycss.com/search?q={searchTerms}"/>
  <Url type="application/opensearchdescription+xml" rel="self" template="https://flatifycss.com/opensearch.xml" />
  <moz:SearchForm>https://flatifycss.com/</moz:SearchForm>
</OpenSearchDescription>